peptide,length,score,label
AESWLWEVW,9,0.47552,0
WLARGLWWI,9,0.4037,0
MEITAEWLW,9,0.39507,0
LPEIEDEVF,9,0.39342,0
NPEIEDDIF,9,0.38128,0
HPNIEEVAL,9,0.38127,0
NERRAWNFL,9,0.37843,0
TVAWRTATL,9,0.37823,0
LETRAETWM,9,0.35921,0
IVIGIITLY,9,0.35846,0
LPIWARPDY,9,0.35651,0
VTTWENVPY,9,0.35526,0
LAILFEEVM,9,0.34891,0
FQRALIFIL,9,0.34721,0
MTAGIFLFF,9,0.34564,0
YMPTVIEEL,9,0.34394,0
SPGEINRVAA,10,0.34147,0
LLFNILGGWV,10,0.34021,0
NYILWENNI,9,0.33275,0
MLAVWNRVW,9,0.33165,0
IQRTVFFVL,9,0.32918,0
VVVGDIIGV,9,0.3265,0
ALFEPEREK,9,0.32438,1
KLGEFGRAK,9,0.32419,0
EVHTWTEQY,9,0.31862,0
EWLWRTLGR,9,0.31667,0
ISYGGGWRF,9,0.31498,0
SALTLHWFR,9,0.31045,0
RQWFFDLPL,9,0.30874,0
HWVEITALI,9,0.30683,0
DTSEVHWNY,9,0.30086,0
RSLIGNEEF,9,0.30023,0
ETAWDFGSV,9,0.29933,0
GSSPIIEVK,9,0.29864,1
LPDTIETLM,9,0.29639,0
AEHTGREIV,9,0.29354,0
ILIGVVITW,9,0.29136,0
RMVLAFITF,9,0.28554,0
LPTTGEIPF,9,0.28475,0
KVDAIDGEY,9,0.28415,0
ATLLVWHTW,9,0.28393,0
IPEGRVIDL,9,0.28114,0
TQTAGPWHL,9,0.28037,0
LLMRTTWAL,9,0.27922,0
AIKILIGFR,9,0.2754,0
TMFLITENK,9,0.2737,0
GTGNIGETL,9,0.27317,0
HAHWTEAKM,9,0.27246,0
RLGYILEEI,9,0.26944,1
SASRAWNVW,9,0.26365,0
KAKIFTPEA,9,0.2636,0
LEFEALGFM,9,0.26341,1
TEHGTIATI,9,0.26338,1
ESRTIRVLK,9,0.26254,0
ISNITTATR,9,0.26186,0
VVIAILTVV,9,0.25861,0
KPIDDRFAT,9,0.2575,0
LMIVARHER,9,0.25736,0
STYGWNLVR,9,0.25727,0
RWLWGFLSR,9,0.25647,1
GYVLGIFLR,9,0.25284,0
TTIFAGHLK,9,0.25182,0
NEGCGWAGW,9,0.25108,0
WYMWLGARF,9,0.25025,0
MILAVVITL,9,0.24983,1
KLAEAIFKL,9,0.24963,0
RQLANAIFK,9,0.24702,0
TVNPIVTEK,9,0.24646,0
MEFIDGISL,9,0.24108,0
GESNIVIGI,9,0.24037,1
TTEAILPEY,9,0.24017,0
KTQAIDGEF,9,0.23935,0
KTNTGTIGA,9,0.23862,0
DYPYRLWHF,9,0.23848,0
DYPYRLWHY,9,0.23848,0
KVAELVHFL,9,0.23721,0
LVQIENLEY,9,0.23687,0
CTTTGEHRR,9,0.23645,0
QLRRHIDLLV,10,0.23502,1
IAVGGITLF,9,0.23206,0
EEEEAGVLW,9,0.23161,0
CINGVCWTV,9,0.23107,0
VATTFVTPM,9,0.2308,0
ITLDILTEI,9,0.22914,0
QVIAVEPGK,9,0.22746,0
FLLTRILTI,9,0.22446,0
RQMEGEGVL,9,0.22372,0
LNRRRRTAG,9,0.22362,1
QYSDRRWCF,9,0.22318,0
MGANFRAGR,9,0.22173,0
CLRRRVTRK,9,0.22114,0
RGRIGRNPK,9,0.2205,1
TLFVEECLR,9,0.21931,0
RLIVFPDLGV,10,0.21926,0
FLAHYIGTS,9,0.21821,0
KLVALGINAV,10,0.21765,0
TPEGIIPSM,9,0.21546,0
VLDDGIYRI,9,0.21492,0
GVAGALVAFK,10,0.21438,1
VLFTFVLLL,9,0.21408,0
YRLWHYPCTI,10,0.21393,0
HAVGLFRAA,9,0.21344,0
TPRVTGGGAM,10,0.2125,0
YPLAIPVTM,9,0.21245,0
NASRCWVAM,9,0.21209,0
SQSTIPETI,9,0.2117,0
ITEAELTGY,9,0.21149,0
DVIGERIKR,9,0.20984,0
IGIGILLTW,9,0.20978,0
HSGVDVFYK,9,0.20964,0
KVRPTFAAG,9,0.20952,0
IILEFFLMV,9,0.20939,1
ILIGFLVLW,9,0.20922,1
KSIEDNPEI,9,0.2086,0
NQVEGEVQI,9,0.20856,0
MLLALIAVL,9,0.20739,1
FCSHHFHEL,9,0.20635,1
TYLALIATF,9,0.20595,0
HVLGRLITV,9,0.20546,0
IASAIVLEF,9,0.20327,0
RLGVRATRK,9,0.20277,0
EVEDYGFGM,9,0.20172,0
ILNAHEDGV,9,0.20154,0
AYVVIGLLF,9,0.2006,0
QEHETSWHY,9,0.19916,0
GATTETPTW,9,0.19902,1
KMDIGVPLL,9,0.19714,0
NEVFAVNPA,9,0.19622,0
FLIDGPETA,9,0.19526,0
LMSGRGIGK,9,0.19482,0
ATLAFHLTS,9,0.19354,0
QETWNRQDL,9,0.19311,0
FVTLITGNM,9,0.1924,0
VTLTHPITK,9,0.19152,0
LMLPERAYAY,10,0.18971,0
TPRRGTGTT,9,0.1897,1
SLMAFTAAV,9,0.18879,0
KLITQFETY,9,0.18684,1
AERTGEPDY,9,0.18671,0
TENILTVLL,9,0.18592,0
GSMRITGPK,9,0.18334,0
KTFDTEYPK,9,0.18277,0
STALAELAAK,10,0.18258,0
MYFHRRDLR,9,0.18191,0
LTGGVTLFF,9,0.18088,0
SQIGAGVYK,9,0.17998,1
KHVQRIETW,9,0.1797,0
YLVTRHADV,9,0.17929,1
LLATVTGGI,9,0.1769,1
ISSTPFAEY,9,0.17628,0
RVWIQENPW,9,0.17533,0
LEYTVVVTV,9,0.17444,0
FLGGHVAVA,9,0.1726,0
ALRGLPIRY,9,0.17222,1
WEYVVLAFL,9,0.17152,1
CVIGGAGNNT,10,0.17106,0
TLYAVATTV,9,0.17064,0
RTLILAPTR,9,0.16967,0
MTLWYMWQV,9,0.16965,0
SVICHETGR,9,0.16726,0
LAHRTRNAL,9,0.1665,0
TTDHVGVPTY,10,0.16513,0
KEKVVGRII,9,0.16508,0
FLTRVEAQL,9,0.16447,1
VILAGPIPV,9,0.16417,0
TIFTLTVAW,9,0.1605,0
ELIEANLLW,9,0.16012,0
EAAGRRLAR,9,0.15942,0
SVVETLEQM,9,0.15833,0
IPNHGVTAT,9,0.15793,0
ATYEPDVDL,9,0.15743,0
KQIANELNY,9,0.15738,0
SMVGNWAKV,9,0.15673,0
IMQRGLFGK,9,0.15564,0
FAVGLLFRR,9,0.1553,0
TPTWNRKEL,9,0.15441,1
TSADLTVEK,9,0.1541,1
AMEELPDTI,9,0.15341,0
RTEAVLHVY,9,0.15305,1
LGFLNEDHW,9,0.15241,0
STRDGEPLM,9,0.15053,0
NSTSTWVTY,9,0.14996,0
ILIRTGLLV,9,0.14914,0
AENHHHATM,9,0.1481,0
FVIDNVHTW,9,0.14806,1
KPWDVIPMV,9,0.14774,0
LEKHGAERL,9,0.14712,0
TTRNGEPHM,9,0.14708,0
FPAAAAYAA,9,0.14674,0
ALSEGVYRI,9,0.14603,0
SLAAIANQA,9,0.14536,0
ATGPILTLW,9,0.14528,0
GPRLGVRAT,9,0.14404,0
EQMANGIAL,9,0.14315,0
TLAVFLLLI,9,0.14196,1
TEEIAVQNW,9,0.14184,0
PTAGVLARW,9,0.13982,1
WAKNIHTAI,9,0.13916,0
EPEPDVAVL,9,0.13894,1
YLLPRRGPRL,10,0.13882,0
GMLIACYVI,9,0.13867,0
VVVDEHCGY,9,0.13797,1
FRCPRRFCF,9,0.13776,0
ETKGVERLK,9,0.13575,0
TIMAVLFVV,9,0.13505,0
ALSELPETL,9,0.13299,0
PEVANLDII,9,0.13251,0
GPLVAGGLL,9,0.13006,0
ISLGLILLK,9,0.12914,0
NEGMGWAGW,9,0.12863,0
RSQVGVGVF,9,0.12852,0
ITNITTDSR,9,0.12822,0
ILAGYGAGV,9,0.12792,0
MEGVFHTMW,9,0.12715,0
QYIFTGQPL,9,0.12646,0
YQGKTVWFV,9,0.126,0
ILMTHFFSI,9,0.1259,0
SLLMWITQC,9,0.12576,0
RQDLLVTFK,9,0.12526,0
RMLNILNGR,9,0.12339,0
TWILRHPGF,9,0.12333,0
KQIQRVETW,9,0.12308,0
AVFVDENQW,9,0.12225,0
KSKAINVLR,9,0.12124,0
KLREVYTQL,9,0.11935,0
HPASAWTLY,9,0.11912,0
LLLGVGLAM,9,0.1161,0
HLAIMAVFK,9,0.11569,0
IQKETLVTF,9,0.11563,0
IPKIYGGPI,9,0.11434,0
SEIPNLDII,9,0.11178,0
WEGGHDLTV,9,0.1108,0
GLNAVAYYR,9,0.10902,0
LPEYGTLGL,9,0.10876,0
KVKYEGAGA,9,0.1085,0
RLNELLAYV,9,0.10827,0
FLLLADARV,9,0.10748,0
YEADHHIMH,9,0.10669,0
EEESEGAIW,9,0.10621,1
RTYCIEASI,9,0.10476,0
WSIHAHHQW,9,0.10392,0
NESDPEGAL,9,0.10353,0
NEVVLTHPI,9,0.1015,1
KGKRIEPSW,9,0.09991,0
TIIGRRLQR,9,0.09938,0
VIDLEPISY,9,0.09876,0
VTLFFLSGK,9,0.09794,0
KEVALLRTY,9,0.09789,0
LIVSGIFPY,9,0.09753,0
EELGDGLAM,9,0.0975,0
IPKNFAGPV,9,0.09644,0
QVAINQVRR,9,0.09636,0
LLCPAGHAV,9,0.0915,0
IVMLHTTER,9,0.09114,0
FMTATPPGA,9,0.08977,0
ILKDGPERV,9,0.08962,0
TSEIQLTDY,9,0.0889,0
ALKRRLRTL,9,0.0884,0
KALKINWYK,9,0.08769,0
LTDYGALTL,9,0.08663,0
ITASILLWY,9,0.08545,0
WQIERASLI,9,0.08508,0
TSGSPIIDK,9,0.08429,0
KTDWLPMTV,9,0.08333,0
LTDALALGM,9,0.08304,0
EIWTKEGER,9,0.08231,1
FWKLVDRER,9,0.0821,1
GLLFMILTV,9,0.0818,0
PYFVRAQGLI,10,0.08112,0
YLDVDLHPA,9,0.08072,0
MLLNRFTMA,9,0.08065,0
CPTQGEAVL,9,0.08043,0
CLIDYPYRL,9,0.0786,0
AYQHALNEL,9,0.07565,0
AVILQNAWK,9,0.07559,0
HERGRPLLF,9,0.07502,0
MMLPATLAF,9,0.07338,0
FLSGRGLGK,9,0.07314,0
DWIPLALTI,9,0.07139,0
TYLALLAAF,9,0.07041,0
LLLTLLATV,9,0.06992,0
STPPPGTRV,9,0.06934,0
KVSCTILAV,9,0.06863,0
TTNIWMKFR,9,0.06862,1
KTRRYLPAI,9,0.06834,0
RLWHYPCTV,9,0.06759,0
HEWMTTEDM,9,0.067,0
AEPDDVDCW,9,0.0664,1
LLFRRLTSR,9,0.06614,0
LTAAVLLLI,9,0.06599,0
ALNELPESL,9,0.06525,0
VSWSGRELK,9,0.06517,0
LLKTALLIV,9,0.06512,0
MLMTGTLAV,9,0.0651,0
ALFLEEMLR,9,0.06391,0
MLQGRGPLK,9,0.06296,0
MTDDIGMGV,9,0.06262,0
IANQAAILM,9,0.06211,0
TVCYVLTGR,9,0.0611,0
RVIDLGCGR,9,0.06092,0
GGWRFQGSW,9,0.06088,0
EVTNPAVLR,9,0.06048,1
SQHNYRPGY,9,0.05955,0
KASEKIFYV,9,0.05897,0
NEAKITDIM,9,0.05832,0
HTIENTSAN,9,0.05743,0
TLKRRSWPL,9,0.05721,0
GYISTRVEM,9,0.05659,0
ETMETLLLL,9,0.05527,0
LSAAIGKAW,9,0.05443,1
EEEQTLTIL,9,0.05382,0
ALLAGFMAY,9,0.05363,0
ILARWSSFK,9,0.05353,0
ETTHHAVSR,9,0.05166,0
LLFLLLADA,9,0.05158,0
CLVDYPYRL,9,0.0488,0
KSRLNALGK,9,0.04661,0
LLADARVSAY,10,0.04562,0
PLNEGVMAV,9,0.04517,0
EENMDVEIW,9,0.04392,0
KILAKAIFK,9,0.04332,0
VLSDFKTWL,9,0.0418,0
PLAENTNSV,9,0.04157,0
TILIKVEYK,9,0.04152,0
DTSECPNER,9,0.03715,0
AQNALDNLV,9,0.03541,0
AVFQEEQGW,9,0.03523,0
IEETNMITL,9,0.03496,0
LIIMDEAHF,9,0.03427,0
GRAAICGKY,9,0.03352,0
TLLSLTFIK,9,0.03223,0
TEMGRLPTF,9,0.03038,0
PLFQVPEPV,9,0.02922,0
GLLCLTLFV,9,0.02693,0
RTLAKEGIK,9,0.02638,0
FYGMWPLLL,9,0.02372,0
LLTIGLSLV,9,0.02298,0
KVDNFTMGV,9,0.02283,0
GPLRLFMAL,9,0.02254,0
NWLNNNIQF,9,0.02214,0
RSWNSGHEW,9,0.02199,0
ETFWAKHMW,9,0.02069,0
LADARVSAY,9,0.01907,0
KAKRGTAQI,9,0.01696,0
AETQHGTVL,9,0.01632,0
ELCEDTMTY,9,0.01587,0
TPPGSVEAF,9,0.01562,0
IMKNTTNTR,9,0.01505,0
KLLTKPWDV,9,0.01492,1
NENDQYIYM,9,0.0141,1
MFGGVSWMI,9,0.01391,1
GEEVQVLAL,9,0.0136,0
TARHTPVNSW,10,0.01309,0
KKMIRPQPM,9,0.01264,0
RTAGMIIML,9,0.0108,0
KVVQHENLK,9,0.01065,0
SEMIIPKNF,9,0.0103,1
LLKATLLAV,9,0.01023,0
IESALNDTW,9,0.01018,0
ITFLRVLSI,9,0.01008,0
GWGNGCGLF,9,0.00886,0
AINHISSVWK,10,0.00748,0
FPYSIPATL,9,0.00719,0
ALYDVVTKL,9,0.00694,0
VGIYLLPNR,9,0.0051,0
DPRRRSRNL,9,0.00345,0
KMRPMFAVG,9,0.00198,0
ETALMVIGM,9,0.00152,0
DTRTPRAKR,9,0.0008,1
ATLLVAVSF,9,0.00045,1
VIAPAVQTNW,10,-0.00022,0
GVVTRSGAY,9,-0.00141,0
KITGNLVQI,9,-0.00288,0
VVRPPFNML,9,-0.00302,0
WSYYCGGLK,9,-0.0034,0
IIFILLMLV,9,-0.004,0
YLVAYQATV,9,-0.00417,0
AIFLTTLSR,9,-0.00484,1
VSGKLIHEW,9,-0.00572,1
MSAAIKDNR,9,-0.00639,0
GLYDGMEHL,9,-0.00778,0
LVISGLFPV,9,-0.00839,0
TPMSDWPPY,9,-0.0092,0
VEVQDDGTM,9,-0.0094,1
WMASVEPHW,9,-0.00978,0
ALITVSGLY,9,-0.01115,0
LSKSEFNTY,9,-0.01155,0
MDLEKRHVL,9,-0.01271,0
ETLGEKWKR,9,-0.01406,0
YQVKTETTI,9,-0.01611,0
NWAKVILVLF,10,-0.01658,0
SLMSFTAAV,9,-0.01705,0
RARNRVSTV,9,-0.01739,0
DTTPFGQQR,9,-0.0181,0
PFGDSYVII,9,-0.01866,0
MLIPTAMAF,9,-0.01867,0
LTWLGLNSR,9,-0.01882,0
LAMATTLQL,9,-0.02033,0
AIGTSITQK,9,-0.02068,0
LQASLLRIPY,10,-0.02081,0
IGLTSRATW,9,-0.02122,0
ALWDVPSPA,9,-0.02212,0
WTMKILIGV,9,-0.02272,0
VLLGSFGCK,9,-0.0233,0
VEGVSGGAW,9,-0.0252,0
SPARLASAI,9,-0.02595,0
TYSDPLALR,9,-0.02608,1
NYKERMVTF,9,-0.02663,0
GSCVTTMAK,9,-0.02696,1
EVMRSRWSR,9,-0.02702,1
ITWIGMNSR,9,-0.0286,0
VAATMANEM,9,-0.02937,0
FLPSDFFPSV,10,-0.03029,0
QVFGSVYTT,9,-0.03058,0
RSVSGDLIL,9,-0.03079,0
RSGAYVSAI,9,-0.03113,0
GRGKPGIYRF,10,-0.0314,0
LEKAANVQW,9,-0.03146,0
LLKNDVPLA,9,-0.03189,0
KQKALGLLNF,10,-0.03201,0
RMIVGKNER,9,-0.03222,0
RMLGDVMAV,9,-0.03438,1
QEGAMHTAL,9,-0.03456,0
RTRVGTKHA,9,-0.03522,0
TESHNQTFL,9,-0.03533,0
VMVMVGATM,9,-0.0355,0
KAKGSRAIW,9,-0.0375,1
RVLSIPPTA,9,-0.03759,0
VTCAMFTCK,9,-0.03767,0
WQQVPFCSH,9,-0.03882,0
LLLGLMILL,9,-0.03976,0
ILDSFDPLV,9,-0.04023,0
QMAPHHKIL,9,-0.04075,0
TGAPVTYSTY,10,-0.04088,0
ADLMGYIPLV,10,-0.04146,0
TWRDMAHTL,9,-0.04507,0
RSTPFNMLK,9,-0.04533,0
MVGANASDR,9,-0.04576,1
VSSVNTTSK,9,-0.04582,1
NMLSIINKR,9,-0.04665,0
MAMTTVLSI,9,-0.0473,0
ARMILMTHF,9,-0.04752,0
KEENLVNSL,9,-0.04807,0
TLGFGAYMSK,10,-0.04844,0
LLRHHNMVY,9,-0.04932,0
MVSAGSGEV,9,-0.04996,0
SENEVKLTI,9,-0.05083,0
EATQLATLR,9,-0.05165,0
HDGAGKRVY,9,-0.05183,0
TPQAPTSEI,9,-0.05361,0
IQRLHGLSAF,10,-0.05706,0
NHDSPDAEL,9,-0.05767,1
TWKLARASF,9,-0.05798,1
IAVGMVTLY,9,-0.05836,0
AISCVPNAV,9,-0.06079,1
LGAQALPVY,9,-0.06144,0
VSTPQGLVK,9,-0.0647,0
MENLLWKQI,9,-0.06523,0
IPHDLMELI,9,-0.06526,0
QPKPGTRMV,9,-0.07054,1
DVISRRDQR,9,-0.07311,1
VEGLSGATW,9,-0.07366,0
GLLCISIMI,9,-0.07426,0
EEHSSTWHY,9,-0.07469,0
TEIASLPTY,9,-0.07565,0
FMAYMIGQT,9,-0.07582,0
RVYADPMAL,9,-0.07601,0
ATDALMTGY,9,-0.07697,0
EVKSCHWPK,9,-0.07806,0
CRVLCCYVL,9,-0.08001,0
SSADLSLEK,9,-0.08237,0
IGKALHQVF,9,-0.08462,0
KFREGSSEV,9,-0.0863,0
RIKQQGIFG,9,-0.08674,0
LLFLNDMGK,9,-0.08698,0
KTQRSGALW,9,-0.08818,0
LEKKITQWL,9,-0.0892,0
CYLKATAAI,9,-0.09008,1
YVFSGDPLK,9,-0.09043,0
LAVSGVYPM,9,-0.09081,0
RYLLLCLLI,9,-0.09215,0
KVRSNAALG,9,-0.0926,0
GMMVLKIVR,9,-0.09282,0
MECSPRTGL,9,-0.09349,0
SLLTCAKFK,9,-0.09381,1
VLMHRGKRI,9,-0.09391,0
GEMPSTEDL,9,-0.09526,0
SLTPPHSAK,9,-0.09567,0
EEYVDYMPV,9,-0.09622,0
RVPSHLAHR,9,-0.09709,0
LMMLVAPSY,9,-0.09715,0
TFIKTTFSL,9,-0.09732,0
VFKEKVDTR,9,-0.09899,0
ATFKIQPFL,9,-0.0994,0
TYSTYGKFL,9,-0.09994,0
FLGDDPSPA,9,-0.10162,0
TFKVPHAKR,9,-0.10179,1
SLLGSALLK,9,-0.10961,0
SMAMRCVGI,9,-0.10971,0
TPNLAKRVL,9,-0.11036,0
ELAAKLVAL,9,-0.11067,0
KQLGQIMLL,9,-0.1117,0
IMKSVGTGK,9,-0.11181,0
LTETWKQQDY,10,-0.11658,0
GTLALSLTF,9,-0.11744,0
DVRNDMISY,9,-0.11775,0
AGLAFSLMK,9,-0.11792,0
KSWLVHKQW,9,-0.11829,0
IALGLMALK,9,-0.11906,0
RHRKPTYEK,9,-0.11908,0
LQRKYGGAL,9,-0.12044,0
LIKNAQTPR,9,-0.12117,1
TILTLSPHYK,10,-0.12174,0
IWGRKSWPI,9,-0.12219,0
SQLAKRFSR,9,-0.12337,0
ATVLMGLGK,9,-0.12642,0
VYTQLCDHR,9,-0.12789,0
SPKRLSAAI,9,-0.12857,0
NFQTMPGTF,9,-0.1287,1
LGRNKRPRL,9,-0.13011,0
SLVMLLVHY,9,-0.1308,0
GMSKEPGVV,9,-0.13092,1
AVVLMGLDK,9,-0.13326,0
LGFGAYMSK,9,-0.13814,0
FTDNSTPPA,9,-0.13971,0
DEVSFSVGL,9,-0.14016,0
VVFTPMEKK,9,-0.14054,0
IPLCRTSCL,9,-0.14203,0
WPAPSGARSL,10,-0.14271,0
VMRGKFGKK,9,-0.1463,0
IFKLTYQNK,9,-0.14838,0
VSTVQQLTK,9,-0.15438,0
SLSVSLVLV,9,-0.15534,0
LPGCSFSIF,9,-0.15601,0
CTGKFKIVK,9,-0.15856,0
MTLGMCCII,9,-0.15899,1
RARVSQGAG,9,-0.16034,0
KLRDSYTQV,9,-0.16038,0
LLNGQGPMK,9,-0.16086,0
GEGLHKLGY,9,-0.16122,0
ILLENDMKF,9,-0.16247,0
KTSERSQPR,9,-0.16252,0
SYAMCTNTF,9,-0.16274,0
TEFQPHQLW,9,-0.16315,0
LMKSLGGGR,9,-0.16697,0
IQNSGGTSI,9,-0.16757,0
TETWKQQDY,9,-0.16835,0
FPLCLSTTS,9,-0.16894,0
KTWGKAKIF,9,-0.17141,0
FTMRLLSPV,9,-0.17226,1
SETFSMGLL,9,-0.17388,1
ETTMRGAKR,9,-0.17478,0
RSCTMPPLR,9,-0.17572,0
YYMATLKNV,9,-0.17605,0
GASTSQETW,9,-0.1776,0
SPAAAQKAT,9,-0.17801,0
SPAATQKAA,9,-0.17831,0
ETACLGKAY,9,-0.17959,1
IFLFLMSGR,9,-0.18172,0
AYSQQTRGL,9,-0.18304,0
NEEKITQQM,9,-0.1838,0
VIYDSKFEK,9,-0.18568,0
GLQDCTMLV,9,-0.18592,1
LLILCTSQI,9,-0.19122,0
GLFTSLGKA,9,-0.19188,0
CTGSFKLEK,9,-0.19533,0
LLIMGQLTW,9,-0.19622,0
AEILRPTKKF,10,-0.19982,0
LLALLSCLTV,10,-0.20779,0
ASDRMGMGV,9,-0.20822,0
QMSSGNLLF,9,-0.2091,0
MVLLQMENK,9,-0.21214,0
KFQPESPSK,9,-0.21301,0
LAMGIMMLK,9,-0.21328,0
LAAVSVSPL,9,-0.2141,0
LNGRKRSTM,9,-0.21514,0
EEYKRSGIL,9,-0.21717,1
NTYKRSGIM,9,-0.21717,0
KVRKDIQQW,9,-0.21876,0
TPRSPSVEV,9,-0.22286,1
VTRKHMILA,9,-0.22816,0
EPWLKNNQF,9,-0.22849,1
MFKKRNLTI,9,-0.22937,0
RERLSRMAI,9,-0.23208,0
RREKRSVAL,9,-0.23213,0
LLLRKLTSK,9,-0.23586,0
KWKRQLNSL,9,-0.24328,0
LLFKTSAGV,9,-0.24411,1
KVRMEKLRI,9,-0.24452,0
NRRKRSVTM,9,-0.24801,0
SLGCKPLTM,9,-0.25037,0
REGNQSRCW,9,-0.25186,0
GLFGKGSLV,9,-0.2521,0
QPEKGGRKPA,10,-0.25826,0
SEFQIYKKS,9,-0.26044,0
MQAGKRSLR,9,-0.26058,0
TPQPMELKY,9,-0.26087,0
RVCEKMALY,9,-0.26551,0
YAQMWSLMY,9,-0.26629,0
RTEAKSALK,9,-0.26732,0
KFQADSPKR,9,-0.26772,0
LGKCGSCVY,9,-0.26836,0
RPAKSGTVM,9,-0.27662,0
WMMFMVSQV,9,-0.27864,0
SILASSLLK,9,-0.2969,0
EVKKQRAGV,9,-0.29826,0
ILLKMVTHF,9,-0.30108,1
STNPKPQRK,9,-0.30122,0
HMIVSKQER,9,-0.31862,0
MELKYSWKT,9,-0.31899,0
DENKWKSAR,9,-0.32316,0
IWPKSHTLW,9,-0.32497,0
NERGKSLLF,9,-0.33067,0
AETQNSSFI,9,-0.33721,0
GLNSRSTSL,9,-0.3378,0
ELKGMSYAM,9,-0.34289,1
TTLSRTSKK,9,-0.34875,0
GEKALKLSW,9,-0.35045,0
YLMTLMKGA,9,-0.35624,0
RELKCGSGI,9,-0.36102,1
MMGKREKKL,9,-0.36935,0
VYMSKAYGI,9,-0.37996,0
KPSGSASSM,9,-0.38015,0
KSKKTPMGF,9,-0.38804,0
AEISGSSPI,9,-0.3921,0
HTWQKQTQR,9,-0.39862,1
STTSQKTTW,9,-0.41423,0
RLKMDKLTL,9,-0.41478,0
FIRSTMSLV,9,-0.42327,0
VLNSLGKMV,9,-0.43207,1
NSKNTSMSF,9,-0.4393,0
TSSQQKADW,9,-0.44008,0
IESQKNGSW,9,-0.45441,0
SQRQKKVTF,9,-0.45524,1
HSKKKCDEL,9,-0.47053,0
PWLSSKPEF,9,-0.48503,0
GTFKKSGAI,9,-0.49327,0
INKRKKTSL,9,-0.49482,0
AVFKMSPGY,9,-0.49529,0
IESSKNQTW,9,-0.51134,0
LPVCQSSSM,9,-0.54566,0
ELGKKKTPR,9,-0.59272,1
YFWQKKKQR,9,-0.70734,0
LMKMKKKTW,9,-0.81902,0